"seq","content"
"1","가벼운 운동을 하고 나니 컨디션이 좋아졌습니다."
"2","오늘은 638번 버스를 이용하고, 도착 후 잠깐 쉬겠습니다."
"3","창문을 열어두니 바람이 시원하게 들어옵니다."
"4","저녁에는 가볍게 산책할 계획입니다."
"5","정리한 파일 이름을 보기 쉽게 바꾸었습니다."
"6","물을 자주 마시려고 컵을 가까이 두었습니다."
"7","책상 위를 정리하니 마음이 한결 편해졌습니다."
"8","오늘은 12월 25일이라 일정표를 다시 확인했습니다."
"9","오늘 목표를 작게 나누니 부담이 줄었습니다."
"10","약속 시간은 15시 24분으로 잡아 두었습니다."
"11","창가에 둔 식물이 조금씩 자라고 있습니다."
"12","오늘은 326번 버스를 이용하고, 도착 후 잠깐 쉬겠습니다."
"13","약속 시간은 7시 59분으로 잡아 두었습니다."
"14","체크리스트에 항목 25장를 추가해 진행 상황을 관리합니다."
"15","오늘은 10월 13일이라 일정표를 다시 확인했습니다."
"16","이번 주에는 5월 25일 일정이 가장 바쁠 것 같습니다."
"17","실내 공기를 환기하니 머리가 맑아졌습니다."
"18","오늘은 3월 20일이라 일정표를 다시 확인했습니다."
"19","회의 전까지 자료를 15개 정리해 두려고 합니다."
"20","약속 시간은 20시 2분으로 잡아 두었습니다."
"21","안녕하세요. 오늘은 기분 좋게 하루를 시작합니다."
"22","현재 시각은 20시 17분이고 작업을 이어가고 있습니다."
"23","필요한 재료는 총 23분 정도 준비하면 충분합니다."
"24","아침 햇살이 밝아서 기분이 상쾌합니다."
"25","약속 시간은 21시 55분으로 잡아 두었습니다."
"26","이번 주에는 10월 26일 일정이 가장 바쁠 것 같습니다."
"27","오늘은 새로운 레시피를 하나 시도해 보려 합니다."
"28","필요한 재료는 총 30장 정도 준비하면 충분합니다."
"29","약속 시간은 21시 31분으로 잡아 두었습니다."
"30","잠시 스트레칭을 하니 몸이 풀리는 느낌입니다."
"31","오늘은 468번 버스를 이용하고, 도착 후 잠깐 쉬겠습니다."
"32","조용한 음악을 틀어두고 집중하고 있습니다."
"33","이번 주에는 10월 7일 일정이 가장 바쁠 것 같습니다."
"34","오늘은 382번 버스를 이용하고, 도착 후 잠깐 쉬겠습니다."
"35","오늘은 649번 버스를 이용하고, 도착 후 잠깐 쉬겠습니다."
"36","11월 28일 9시 38분에 알림을 맞춰 두었습니다."
"37","따뜻한 차 한 잔을 마시며 잠깐 쉬고 있습니다."
"38","점심으로 간단한 샌드위치를 먹었습니다."
"39","회의 전까지 자료를 16장 정리해 두려고 합니다."
"40","체크리스트에 항목 24박스를 추가해 진행 상황을 관리합니다."
"41","필요한 재료는 총 26잔 정도 준비하면 충분합니다."
"42","272번 버스를 타면 목적지까지 편하게 이동할 수 있습니다."
"43","약속 시간은 9시 55분으로 잡아 두었습니다."
"44","이번 주에는 7월 5일 일정이 가장 바쁠 것 같습니다."
"45","필요한 재료는 총 29개 정도 준비하면 충분합니다."
"46","회의 전까지 자료를 10봉지 정리해 두려고 합니다."
"47","약속 시간은 11시 10분으로 잡아 두었습니다."
"48","현재 시각은 14시 42분이고 작업을 이어가고 있습니다."
"49","약속 시간은 17시 55분으로 잡아 두었습니다."
"50","오늘은 12월 20일이라 일정표를 다시 확인했습니다."
"51","이번 주에는 4월 11일 일정이 가장 바쁠 것 같습니다."
"52","이번 주에는 4월 24일 일정이 가장 바쁠 것 같습니다."
"53","메모를 남겨두니 해야 할 일을 잊지 않게 됩니다."
"54","오늘은 404번 버스를 이용하고, 도착 후 잠깐 쉬겠습니다."
"55","약속 시간은 19시 18분으로 잡아 두었습니다."
"56","하늘이 맑아서 사진을 한 장 찍고 싶어졌습니다."
"57","체크리스트에 항목 25분를 추가해 진행 상황을 관리합니다."
"58","오늘은 1월 10일이라 일정표를 다시 확인했습니다."
"59","오늘은 7월 4일이라 일정표를 다시 확인했습니다."
"60","필요한 재료는 총 12회 정도 준비하면 충분합니다."
"61","한 페이지라도 꾸준히 읽는 습관을 만들고 있습니다."
"62","약속 시간은 9시 44분으로 잡아 두었습니다."
"63","필요한 재료는 총 7박스 정도 준비하면 충분합니다."
"64","필요한 재료는 총 30회 정도 준비하면 충분합니다."
"65","회의 전까지 자료를 15봉지 정리해 두려고 합니다."
"66","필요한 재료는 총 15봉지 정도 준비하면 충분합니다."
"67","이번 주에는 3월 22일 일정이 가장 바쁠 것 같습니다."
"68","10월 9일 8시 5분에 알림을 맞춰 두었습니다."
"69","회의 전까지 자료를 6회 정리해 두려고 합니다."
"70","8월 21일 15시 10분에 알림을 맞춰 두었습니다."
"71","회의 전까지 자료를 29개 정리해 두려고 합니다."
"72","필요한 재료는 총 28박스 정도 준비하면 충분합니다."
"73","약속 시간은 22시 31분으로 잡아 두었습니다."
"74","오늘은 6월 6일이라 일정표를 다시 확인했습니다."
"75","체크리스트에 항목 28권를 추가해 진행 상황을 관리합니다."
"76","약속 시간은 22시 59분으로 잡아 두었습니다."
"77","체크리스트에 항목 22개를 추가해 진행 상황을 관리합니다."
"78","필요한 재료는 총 9분 정도 준비하면 충분합니다."
"79","약속 시간은 17시 51분으로 잡아 두었습니다."
"80","체크리스트에 항목 28봉지를 추가해 진행 상황을 관리합니다."
"81","이번 주에는 1월 17일 일정이 가장 바쁠 것 같습니다."
"82","오늘은 5월 12일이라 일정표를 다시 확인했습니다."
"83","약속 시간은 17시 5분으로 잡아 두었습니다."
"84","3월 5일 21시 33분에 알림을 맞춰 두었습니다."
"85","8월 25일 17시 54분에 알림을 맞춰 두었습니다."
"86","현재 시각은 6시 21분이고 작업을 이어가고 있습니다."
"87","이번 주에는 10월 17일 일정이 가장 바쁠 것 같습니다."
"88","오늘 읽은 문장에서 좋은 표현을 하나 발견했습니다."
"89","이번 주에는 5월 27일 일정이 가장 바쁠 것 같습니다."
"90","필요한 재료는 총 8권 정도 준비하면 충분합니다."
"91","체크리스트에 항목 27개를 추가해 진행 상황을 관리합니다."
"92","오늘은 3월 5일이라 일정표를 다시 확인했습니다."
"93","이번 주에는 5월 12일 일정이 가장 바쁠 것 같습니다."
"94","현재 시각은 20시 8분이고 작업을 이어가고 있습니다."
"95","이번 주에는 10월 15일 일정이 가장 바쁠 것 같습니다."
"96","12월 16일 17시 36분에 알림을 맞춰 두었습니다."
"97","7월 28일 6시 47분에 알림을 맞춰 두었습니다."
"98","약속 시간은 9시 28분으로 잡아 두었습니다."
"99","회의 전까지 자료를 10개 정리해 두려고 합니다."
"100","2월 10일 14시 36분에 알림을 맞춰 두었습니다."
"101","회의 전까지 자료를 1분 정리해 두려고 합니다."
"102","오늘은 12월 17일이라 일정표를 다시 확인했습니다."
"103","809번 버스를 타면 목적지까지 편하게 이동할 수 있습니다."
"104","오늘은 538번 버스를 이용하고, 도착 후 잠깐 쉬겠습니다."
"105","이번 주에는 7월 13일 일정이 가장 바쁠 것 같습니다."
"106","필요한 재료는 총 19박스 정도 준비하면 충분합니다."
"107","필요한 재료는 총 4권 정도 준비하면 충분합니다."
"108","회의 전까지 자료를 26봉지 정리해 두려고 합니다."
"109","필요한 재료는 총 24박스 정도 준비하면 충분합니다."
"110","4월 3일 6시 15분에 알림을 맞춰 두었습니다."
"111","이번 주에는 4월 14일 일정이 가장 바쁠 것 같습니다."
"112","868번 버스를 타면 목적지까지 편하게 이동할 수 있습니다."
"113","오늘은 4월 6일이라 일정표를 다시 확인했습니다."
"114","약속 시간은 10시 17분으로 잡아 두었습니다."
"115","약속 시간은 19시 8분으로 잡아 두었습니다."
"116","이번 주에는 7월 28일 일정이 가장 바쁠 것 같습니다."
"117","약속 시간은 18시 0분으로 잡아 두었습니다."
"118","오늘은 9월 4일이라 일정표를 다시 확인했습니다."
"119","약속 시간은 15시 31분으로 잡아 두었습니다."
"120","오늘은 6번 버스를 이용하고, 도착 후 잠깐 쉬겠습니다."
"121","오늘은 112번 버스를 이용하고, 도착 후 잠깐 쉬겠습니다."
"122","오늘은 813번 버스를 이용하고, 도착 후 잠깐 쉬겠습니다."
"123","약속 시간은 8시 44분으로 잡아 두었습니다."
"124","회의 전까지 자료를 27장 정리해 두려고 합니다."
"125","필요한 재료는 총 4분 정도 준비하면 충분합니다."
"126","5월 19일 19시 17분에 알림을 맞춰 두었습니다."
"127","오늘은 549번 버스를 이용하고, 도착 후 잠깐 쉬겠습니다."
"128","오늘은 633번 버스를 이용하고, 도착 후 잠깐 쉬겠습니다."
"129","오늘은 4월 7일이라 일정표를 다시 확인했습니다."
"130","체크리스트에 항목 4개를 추가해 진행 상황을 관리합니다."
"131","필요한 재료는 총 20권 정도 준비하면 충분합니다."
"132","체크리스트에 항목 14권를 추가해 진행 상황을 관리합니다."
"133","이번 주에는 1월 20일 일정이 가장 바쁠 것 같습니다."
"134","397번 버스를 타면 목적지까지 편하게 이동할 수 있습니다."
"135","6월 25일 10시 19분에 알림을 맞춰 두었습니다."
"136","회의 전까지 자료를 1장 정리해 두려고 합니다."
"137","631번 버스를 타면 목적지까지 편하게 이동할 수 있습니다."
"138","오늘은 9월 18일이라 일정표를 다시 확인했습니다."
"139","회의 전까지 자료를 30분 정리해 두려고 합니다."
"140","4월 10일 15시 47분에 알림을 맞춰 두었습니다."
"141","12월 3일 20시 39분에 알림을 맞춰 두었습니다."
"142","이번 주에는 11월 20일 일정이 가장 바쁠 것 같습니다."
"143","체크리스트에 항목 5권를 추가해 진행 상황을 관리합니다."
"144","회의 전까지 자료를 2잔 정리해 두려고 합니다."
"145","현재 시각은 16시 33분이고 작업을 이어가고 있습니다."
"146","체크리스트에 항목 29봉지를 추가해 진행 상황을 관리합니다."
"147","2월 25일 17시 47분에 알림을 맞춰 두었습니다."
"148","오늘은 336번 버스를 이용하고, 도착 후 잠깐 쉬겠습니다."
"149","필요한 재료는 총 6회 정도 준비하면 충분합니다."
"150","3월 28일 20시 8분에 알림을 맞춰 두었습니다."
"151","현재 시각은 22시 55분이고 작업을 이어가고 있습니다."
"152","이번 주에는 6월 17일 일정이 가장 바쁠 것 같습니다."
"153","410번 버스를 타면 목적지까지 편하게 이동할 수 있습니다."
"154","이번 주에는 11월 14일 일정이 가장 바쁠 것 같습니다."
"155","이번 주에는 7월 15일 일정이 가장 바쁠 것 같습니다."
"156","오늘은 652번 버스를 이용하고, 도착 후 잠깐 쉬겠습니다."
"157","체크리스트에 항목 30회를 추가해 진행 상황을 관리합니다."
"158","약속 시간은 21시 51분으로 잡아 두었습니다."
"159","필요한 재료는 총 23봉지 정도 준비하면 충분합니다."
"160","회의 전까지 자료를 23장 정리해 두려고 합니다."
"161","오늘은 820번 버스를 이용하고, 도착 후 잠깐 쉬겠습니다."
"162","4월 18일 6시 16분에 알림을 맞춰 두었습니다."
"163","필요한 재료는 총 18장 정도 준비하면 충분합니다."
"164","921번 버스를 타면 목적지까지 편하게 이동할 수 있습니다."
"165","오늘은 351번 버스를 이용하고, 도착 후 잠깐 쉬겠습니다."
"166","회의 전까지 자료를 9잔 정리해 두려고 합니다."
"167","오늘은 6월 27일이라 일정표를 다시 확인했습니다."
"168","오늘은 51번 버스를 이용하고, 도착 후 잠깐 쉬겠습니다."
"169","현재 시각은 16시 36분이고 작업을 이어가고 있습니다."
"170","약속 시간은 21시 1분으로 잡아 두었습니다."
"171","필요한 재료는 총 2봉지 정도 준비하면 충분합니다."
"172","회의 전까지 자료를 27잔 정리해 두려고 합니다."
"173","오늘은 1월 28일이라 일정표를 다시 확인했습니다."
"174","오늘은 35번 버스를 이용하고, 도착 후 잠깐 쉬겠습니다."
"175","오늘은 609번 버스를 이용하고, 도착 후 잠깐 쉬겠습니다."
"176","이번 주에는 5월 22일 일정이 가장 바쁠 것 같습니다."
"177","약속 시간은 21시 35분으로 잡아 두었습니다."
"178","필요한 재료는 총 29권 정도 준비하면 충분합니다."
"179","오늘은 11월 5일이라 일정표를 다시 확인했습니다."
"180","오늘은 8월 4일이라 일정표를 다시 확인했습니다."
"181","필요한 재료는 총 16장 정도 준비하면 충분합니다."
"182","현재 시각은 21시 41분이고 작업을 이어가고 있습니다."
"183","필요한 재료는 총 1권 정도 준비하면 충분합니다."
"184","오늘은 745번 버스를 이용하고, 도착 후 잠깐 쉬겠습니다."
"185","회의 전까지 자료를 1잔 정리해 두려고 합니다."
"186","오늘은 2월 15일이라 일정표를 다시 확인했습니다."
"187","846번 버스를 타면 목적지까지 편하게 이동할 수 있습니다."
"188","오늘은 12월 24일이라 일정표를 다시 확인했습니다."
"189","필요한 재료는 총 20박스 정도 준비하면 충분합니다."
"190","오늘은 354번 버스를 이용하고, 도착 후 잠깐 쉬겠습니다."
"191","필요한 재료는 총 25잔 정도 준비하면 충분합니다."
"192","8월 1일 6시 50분에 알림을 맞춰 두었습니다."
"193","오늘은 684번 버스를 이용하고, 도착 후 잠깐 쉬겠습니다."
"194","현재 시각은 16시 21분이고 작업을 이어가고 있습니다."
"195","3월 6일 11시 22분에 알림을 맞춰 두었습니다."
"196","이번 주에는 2월 17일 일정이 가장 바쁠 것 같습니다."
"197","이번 주에는 4월 18일 일정이 가장 바쁠 것 같습니다."
"198","현재 시각은 15시 37분이고 작업을 이어가고 있습니다."
"199","회의 전까지 자료를 25권 정리해 두려고 합니다."
"200","체크리스트에 항목 6회를 추가해 진행 상황을 관리합니다."
"201","필요한 재료는 총 24회 정도 준비하면 충분합니다."
"202","필요한 재료는 총 3분 정도 준비하면 충분합니다."
"203","회의 전까지 자료를 13권 정리해 두려고 합니다."
"204","회의 전까지 자료를 15박스 정리해 두려고 합니다."
"205","현재 시각은 18시 42분이고 작업을 이어가고 있습니다."
"206","오늘은 95번 버스를 이용하고, 도착 후 잠깐 쉬겠습니다."
"207","오늘은 12월 1일이라 일정표를 다시 확인했습니다."
"208","오늘은 897번 버스를 이용하고, 도착 후 잠깐 쉬겠습니다."
"209","현재 시각은 16시 26분이고 작업을 이어가고 있습니다."
"210","체크리스트에 항목 20잔를 추가해 진행 상황을 관리합니다."
"211","4월 27일 11시 54분에 알림을 맞춰 두었습니다."
"212","3월 1일 13시 24분에 알림을 맞춰 두었습니다."
"213","체크리스트에 항목 18봉지를 추가해 진행 상황을 관리합니다."
"214","현재 시각은 20시 3분이고 작업을 이어가고 있습니다."
"215","오늘은 100번 버스를 이용하고, 도착 후 잠깐 쉬겠습니다."
"216","체크리스트에 항목 2박스를 추가해 진행 상황을 관리합니다."
"217","체크리스트에 항목 9잔를 추가해 진행 상황을 관리합니다."
"218","체크리스트에 항목 21잔를 추가해 진행 상황을 관리합니다."
"219","616번 버스를 타면 목적지까지 편하게 이동할 수 있습니다."
"220","체크리스트에 항목 28박스를 추가해 진행 상황을 관리합니다."
"221","회의 전까지 자료를 12권 정리해 두려고 합니다."
"222","약속 시간은 16시 37분으로 잡아 두었습니다."
"223","오늘은 303번 버스를 이용하고, 도착 후 잠깐 쉬겠습니다."
"224","현재 시각은 19시 47분이고 작업을 이어가고 있습니다."
"225","오늘은 379번 버스를 이용하고, 도착 후 잠깐 쉬겠습니다."
"226","체크리스트에 항목 10권를 추가해 진행 상황을 관리합니다."
"227","회의 전까지 자료를 24박스 정리해 두려고 합니다."
"228","체크리스트에 항목 9봉지를 추가해 진행 상황을 관리합니다."
"229","6월 4일 21시 46분에 알림을 맞춰 두었습니다."
"230","현재 시각은 19시 34분이고 작업을 이어가고 있습니다."
"231","체크리스트에 항목 17권를 추가해 진행 상황을 관리합니다."
"232","오늘은 5월 23일이라 일정표를 다시 확인했습니다."
"233","오늘은 2월 21일이라 일정표를 다시 확인했습니다."
"234","이번 주에는 5월 8일 일정이 가장 바쁠 것 같습니다."
"235","현재 시각은 14시 52분이고 작업을 이어가고 있습니다."
"236","오늘은 11월 24일이라 일정표를 다시 확인했습니다."
"237","이번 주에는 9월 25일 일정이 가장 바쁠 것 같습니다."
"238","회의 전까지 자료를 11봉지 정리해 두려고 합니다."
"239","체크리스트에 항목 3권를 추가해 진행 상황을 관리합니다."
"240","이번 주에는 10월 20일 일정이 가장 바쁠 것 같습니다."
"241","162번 버스를 타면 목적지까지 편하게 이동할 수 있습니다."
"242","842번 버스를 타면 목적지까지 편하게 이동할 수 있습니다."
"243","약속 시간은 22시 57분으로 잡아 두었습니다."
"244","약속 시간은 21시 59분으로 잡아 두었습니다."
"245","체크리스트에 항목 21장를 추가해 진행 상황을 관리합니다."
"246","회의 전까지 자료를 17봉지 정리해 두려고 합니다."
"247","체크리스트에 항목 29권를 추가해 진행 상황을 관리합니다."
"248","체크리스트에 항목 18권를 추가해 진행 상황을 관리합니다."
"249","체크리스트에 항목 25박스를 추가해 진행 상황을 관리합니다."
"250","회의 전까지 자료를 27박스 정리해 두려고 합니다."
"251","오늘은 184번 버스를 이용하고, 도착 후 잠깐 쉬겠습니다."
"252","이번 주에는 6월 2일 일정이 가장 바쁠 것 같습니다."
"253","회의 전까지 자료를 12봉지 정리해 두려고 합니다."
"254","약속 시간은 21시 11분으로 잡아 두었습니다."
"255","오늘은 4월 21일이라 일정표를 다시 확인했습니다."
"256","548번 버스를 타면 목적지까지 편하게 이동할 수 있습니다."
"257","777번 버스를 타면 목적지까지 편하게 이동할 수 있습니다."
"258","이번 주에는 3월 6일 일정이 가장 바쁠 것 같습니다."
"259","9월 27일 6시 6분에 알림을 맞춰 두었습니다."
"260","현재 시각은 6시 24분이고 작업을 이어가고 있습니다."
"261","현재 시각은 10시 20분이고 작업을 이어가고 있습니다."
"262","381번 버스를 타면 목적지까지 편하게 이동할 수 있습니다."
"263","이번 주에는 8월 26일 일정이 가장 바쁠 것 같습니다."
"264","1월 12일 14시 58분에 알림을 맞춰 두었습니다."
"265","회의 전까지 자료를 27회 정리해 두려고 합니다."
"266","약속 시간은 6시 56분으로 잡아 두었습니다."
"267","오늘은 70번 버스를 이용하고, 도착 후 잠깐 쉬겠습니다."
"268","회의 전까지 자료를 2장 정리해 두려고 합니다."
"269","오늘은 6월 24일이라 일정표를 다시 확인했습니다."
"270","288번 버스를 타면 목적지까지 편하게 이동할 수 있습니다."
"271","이번 주에는 10월 1일 일정이 가장 바쁠 것 같습니다."
"272","9월 22일 7시 32분에 알림을 맞춰 두었습니다."
"273","회의 전까지 자료를 13잔 정리해 두려고 합니다."
"274","현재 시각은 18시 51분이고 작업을 이어가고 있습니다."
"275","현재 시각은 21시 7분이고 작업을 이어가고 있습니다."
"276","약속 시간은 13시 44분으로 잡아 두었습니다."
"277","672번 버스를 타면 목적지까지 편하게 이동할 수 있습니다."
"278","회의 전까지 자료를 7권 정리해 두려고 합니다."
"279","현재 시각은 19시 56분이고 작업을 이어가고 있습니다."
"280","오늘은 6월 13일이라 일정표를 다시 확인했습니다."
"281","101번 버스를 타면 목적지까지 편하게 이동할 수 있습니다."
"282","10월 23일 9시 4분에 알림을 맞춰 두었습니다."
"283","약속 시간은 7시 26분으로 잡아 두었습니다."
"284","체크리스트에 항목 1회를 추가해 진행 상황을 관리합니다."
"285","오늘은 159번 버스를 이용하고, 도착 후 잠깐 쉬겠습니다."
"286","회의 전까지 자료를 1봉지 정리해 두려고 합니다."
"287","약속 시간은 11시 50분으로 잡아 두었습니다."
"288","필요한 재료는 총 28개 정도 준비하면 충분합니다."
"289","필요한 재료는 총 12박스 정도 준비하면 충분합니다."
"290","오늘은 321번 버스를 이용하고, 도착 후 잠깐 쉬겠습니다."
"291","1월 20일 16시 47분에 알림을 맞춰 두었습니다."
"292","체크리스트에 항목 23장를 추가해 진행 상황을 관리합니다."
"293","이번 주에는 12월 20일 일정이 가장 바쁠 것 같습니다."
"294","약속 시간은 16시 18분으로 잡아 두었습니다."
"295","필요한 재료는 총 19개 정도 준비하면 충분합니다."
"296","현재 시각은 8시 54분이고 작업을 이어가고 있습니다."
"297","체크리스트에 항목 24잔를 추가해 진행 상황을 관리합니다."
"298","오늘은 8월 20일이라 일정표를 다시 확인했습니다."
"299","6월 20일 9시 32분에 알림을 맞춰 두었습니다."
"300","현재 시각은 14시 37분이고 작업을 이어가고 있습니다."
"301","오늘은 7월 28일이라 일정표를 다시 확인했습니다."
"302","현재 시각은 21시 5분이고 작업을 이어가고 있습니다."
"303","필요한 재료는 총 17권 정도 준비하면 충분합니다."
"304","오늘은 797번 버스를 이용하고, 도착 후 잠깐 쉬겠습니다."
"305","563번 버스를 타면 목적지까지 편하게 이동할 수 있습니다."
"306","약속 시간은 10시 52분으로 잡아 두었습니다."
"307","12월 14일 20시 4분에 알림을 맞춰 두었습니다."
"308","오늘은 1월 14일이라 일정표를 다시 확인했습니다."
"309","약속 시간은 15시 13분으로 잡아 두었습니다."
"310","현재 시각은 14시 51분이고 작업을 이어가고 있습니다."
"311","현재 시각은 10시 44분이고 작업을 이어가고 있습니다."
"312","519번 버스를 타면 목적지까지 편하게 이동할 수 있습니다."
"313","필요한 재료는 총 26장 정도 준비하면 충분합니다."
"314","현재 시각은 16시 31분이고 작업을 이어가고 있습니다."
"315","이번 주에는 9월 9일 일정이 가장 바쁠 것 같습니다."
"316","오늘은 707번 버스를 이용하고, 도착 후 잠깐 쉬겠습니다."
"317","현재 시각은 15시 48분이고 작업을 이어가고 있습니다."
"318","약속 시간은 10시 8분으로 잡아 두었습니다."
"319","30번 버스를 타면 목적지까지 편하게 이동할 수 있습니다."
"320","9월 20일 20시 30분에 알림을 맞춰 두었습니다."
"321","7월 3일 18시 26분에 알림을 맞춰 두었습니다."
"322","3월 6일 20시 1분에 알림을 맞춰 두었습니다."
"323","현재 시각은 17시 18분이고 작업을 이어가고 있습니다."
"324","체크리스트에 항목 14개를 추가해 진행 상황을 관리합니다."
"325","필요한 재료는 총 7개 정도 준비하면 충분합니다."
"326","회의 전까지 자료를 21분 정리해 두려고 합니다."
"327","오늘은 5월 5일이라 일정표를 다시 확인했습니다."
"328","오늘은 2월 22일이라 일정표를 다시 확인했습니다."
"329","오늘은 495번 버스를 이용하고, 도착 후 잠깐 쉬겠습니다."
"330","약속 시간은 11시 11분으로 잡아 두었습니다."
"331","현재 시각은 18시 6분이고 작업을 이어가고 있습니다."
"332","금방 노트 준비했어요."
"333","조용히 체크리스트 시작했어요."
"334","4월 16일 메모 완료."
"335","조용히 창문 완료했어요."
"336","아까 파일 마무리했어요."
"337","아까 책상 시작했어요."
"338","지금 할 일 환기했어요."
"339","12시 34분 알림 설정."
"340","잠깐 파일 확인했어요."
"341","방금 일정 시작했어요."
"342","현재 8시 49분 기록."
"343","19시 2분 알림 설정."
"344","아까 일정 시작했어요."
"345","조용히 물컵 점검했어요."
"346","아까 일정 메모했어요."
"347","가볍게 노트 메모했어요."
"348","조용히 창문 메모했어요."
"349","11월 14일 메모 완료."
"350","지금 식물 기록했어요."
"351","아까 책상 완료했어요."
"352","곧 식물 기록했어요."
"353","잠깐 식물 메모했어요."
"354","아까 창문 점검했어요."
"355","현재 18시 36분 기록."
"356","조용히 일정 환기했어요."
"357","조용히 할 일 메모했어요."
"358","잠깐 할 일 메모했어요."
"359","오늘 창문 기록했어요."
"360","방금 창문 정리했어요."
"361","조용히 창문 기록했어요."
"362","가볍게 일정 완료했어요."
"363","지금 파일 기록했어요."
"364","23시 58분 알림 설정."
"365","금방 체크리스트 확인했어요."
"366","아까 알림 시작했어요."
"367","곧 물컵 준비했어요."
"368","방금 체크리스트 정리했어요."
"369","가볍게 책상 시작했어요."
"370","오늘 물컵 마무리했어요."
"371","오늘 일정 마무리했어요."
"372","가볍게 물컵 시작했어요."
"373","오늘 노트 정리했어요."
"374","아까 일정 환기했어요."
"375","곧 노트 점검했어요."
"376","금방 물컵 기록했어요."
"377","오늘 책상 환기했어요."
"378","611번 버스로 이동."
"379","100번 버스로 이동."
"380","지금 체크리스트 점검했어요."
"381","방금 알림 환기했어요."
"382","준비물 96개 점검."
"383","8월 15일 메모 완료."
"384","곧 할 일 메모했어요."
"385","준비물 22개 점검."
"386","1월 7일 일정 확인."
"387","금방 일정 기록했어요."
"388","6월 9일 일정 확인."
"389","방금 식물 정리했어요."
"390","방금 창문 점검했어요."
"391","12시 0분 알림 설정."
"392","오늘 창문 환기했어요."
"393","금방 책상 준비했어요."
"394","3월 24일 메모 완료."
"395","금방 알림 환기했어요."
"396","방금 일정 확인했어요."
"397","곧 체크리스트 준비했어요."
"398","수량 6개 확인 완료."
"399","금방 물컵 점검했어요."
"400","잠깐 책상 정리했어요."
"401","가볍게 노트 마무리했어요."
"402","가볍게 창문 환기했어요."
"403","방금 알림 마무리했어요."
"404","조용히 식물 점검했어요."
"405","곧 체크리스트 시작했어요."
"406","천천히 체크리스트 확인했어요."
"407","627번 버스 대기 중."
"408","금방 책상 점검했어요."
"409","가볍게 창문 메모했어요."
"410","지금 창문 정리했어요."
"411","지금 책상 준비했어요."
"412","천천히 체크리스트 기록했어요."
"413","지금 알림 메모했어요."
"414","가볍게 책상 준비했어요."
"415","천천히 일정 완료했어요."
"416","가볍게 노트 정리했어요."
"417","금방 파일 확인했어요."
"418","오늘 물컵 시작했어요."
"419","아까 노트 정리했어요."
"420","곧 알림 점검했어요."
"421","아까 파일 준비했어요."
"422","잠깐 창문 시작했어요."
"423","잠깐 파일 정리했어요."
"424","금방 식물 점검했어요."
"425","방금 책상 점검했어요."
"426","아까 할 일 준비했어요."
"427","지금 책상 확인했어요."
"428","아까 물컵 환기했어요."
"429","지금 식물 환기했어요."
"430","곧 알림 확인했어요."
"431","방금 창문 기록했어요."
"432","방금 파일 점검했어요."
"433","방금 책상 정리했어요."
"434","가볍게 할 일 준비했어요."
"435","금방 파일 메모했어요."
"436","준비물 35개 점검."
"437","지금 식물 시작했어요."
"438","가볍게 물컵 정리했어요."
"439","방금 노트 정리했어요."
"440","11월 23일 일정 확인."
"441","천천히 체크리스트 시작했어요."
"442","조용히 할 일 점검했어요."
"443","지금 책상 기록했어요."
"444","금방 물컵 시작했어요."
"445","8월 4일 일정 확인."
"446","준비물 80개 점검."
"447","362번 버스로 이동."
"448","조용히 알림 마무리했어요."
"449","방금 일정 완료했어요."
"450","아까 체크리스트 환기했어요."
"451","7월 12일 일정 확인."
"452","오늘 파일 점검했어요."
"453","지금 일정 준비했어요."
"454","가볍게 체크리스트 시작했어요."
"455","461번 버스 대기 중."
"456","아까 알림 확인했어요."
"457","곧 창문 기록했어요."
"458","곧 물컵 정리했어요."
"459","준비물 83개 점검."
"460","오늘 창문 마무리했어요."
"461","준비물 21개 점검."
"462","잠깐 물컵 완료했어요."
"463","천천히 창문 메모했어요."
"464","금방 노트 메모했어요."
"465","조용히 체크리스트 정리했어요."
"466","아까 책상 마무리했어요."
"467","아까 식물 마무리했어요."
"468","방금 알림 시작했어요."
"469","아까 일정 마무리했어요."
"470","아까 할 일 환기했어요."
"471","곧 파일 환기했어요."
"472","조용히 알림 환기했어요."
"473","잠깐 일정 시작했어요."
"474","714번 버스로 이동."
"475","금방 알림 준비했어요."
"476","조용히 식물 기록했어요."
"477","방금 알림 메모했어요."
"478","아까 체크리스트 시작했어요."
"479","곧 알림 마무리했어요."
"480","지금 할 일 시작했어요."
"481","23시 30분 알림 설정."
"482","아까 노트 완료했어요."
"483","가볍게 할 일 시작했어요."
"484","오늘 식물 확인했어요."
"485","곧 파일 시작했어요."
"486","가볍게 식물 메모했어요."
"487","현재 22시 47분 기록."
"488","8월 19일 일정 확인."
"489","준비물 41개 점검."
"490","오늘 체크리스트 메모했어요."
"491","지금 책상 완료했어요."
"492","791번 버스로 이동."
"493","조용히 파일 점검했어요."
"494","오늘 일정 시작했어요."
"495","아까 일정 정리했어요."
"496","가볍게 노트 준비했어요."
"497","오늘 할 일 마무리했어요."
"498","조용히 책상 정리했어요."
"499","오늘 체크리스트 완료했어요."
"500","금방 파일 점검했어요."
"501","천천히 일정 기록했어요."
"502","429번 버스 대기 중."
"503","713번 버스 대기 중."
"504","조용히 알림 메모했어요."
"505","금방 물컵 확인했어요."
"506","방금 노트 기록했어요."
"507","잠깐 할 일 환기했어요."
"508","잠깐 물컵 마무리했어요."
"509","곧 파일 메모했어요."
"510","천천히 노트 확인했어요."
"511","5월 8일 일정 확인."
"512","가볍게 책상 정리했어요."
"513","잠깐 식물 확인했어요."
"514","가볍게 할 일 점검했어요."
"515","오늘 식물 마무리했어요."
"516","금방 물컵 메모했어요."
"517","가볍게 체크리스트 기록했어요."
"518","오늘 일정 메모했어요."
"519","곧 일정 환기했어요."
"520","천천히 일정 환기했어요."
"521","곧 책상 점검했어요."
"522","방금 창문 확인했어요."
"523","14시 54분 알림 설정."
"524","금방 알림 정리했어요."
"525","조용히 체크리스트 점검했어요."
"526","곧 할 일 시작했어요."
"527","가볍게 식물 기록했어요."
"528","방금 물컵 기록했어요."
"529","가볍게 할 일 확인했어요."
"530","천천히 식물 메모했어요."
"531","금방 알림 기록했어요."
"532","지금 체크리스트 기록했어요."
"533","2월 7일 메모 완료."
"534","아까 물컵 시작했어요."
"535","방금 알림 정리했어요."
"536","방금 책상 기록했어요."
"537","천천히 할 일 기록했어요."
"538","오늘 알림 기록했어요."
"539","금방 노트 완료했어요."
"540","오늘 책상 시작했어요."
"541","곧 일정 확인했어요."
"542","금방 할 일 기록했어요."
"543","가볍게 창문 준비했어요."
"544","잠깐 식물 정리했어요."
"545","12월 24일 일정 확인."
"546","곧 책상 환기했어요."
"547","금방 식물 마무리했어요."
"548","방금 노트 완료했어요."
"549","아까 노트 마무리했어요."
"550","310번 버스로 이동."
"551","994번 버스 대기 중."
"552","방금 창문 마무리했어요."
"553","금방 할 일 정리했어요."
"554","곧 식물 메모했어요."
"555","2월 6일 메모 완료."
"556","가볍게 알림 시작했어요."
"557","금방 창문 마무리했어요."
"558","아까 창문 시작했어요."
"559","곧 식물 시작했어요."
"560","천천히 책상 기록했어요."
"561","8월 8일 일정 확인."
"562","오늘 일정 점검했어요."
"563","574번 버스 대기 중."
"564","지금 노트 점검했어요."
"565","오늘 물컵 기록했어요."
"566","아까 식물 준비했어요."
"567","오늘 파일 완료했어요."
"568","아까 물컵 준비했어요."
"569","오늘 일정 환기했어요."
"570","금방 식물 시작했어요."
"571","아까 파일 메모했어요."
"572","566번 버스로 이동."
"573","수량 49개 확인 완료."
"574","오늘 책상 준비했어요."
"575","가볍게 체크리스트 확인했어요."
"576","지금 책상 점검했어요."
"577","오늘 알림 시작했어요."
"578","지금 할 일 마무리했어요."
"579","아까 할 일 확인했어요."
"580","지금 책상 환기했어요."
"581","현재 12시 42분 기록."
"582","잠깐 창문 환기했어요."
"583","14시 2분 알림 설정."
"584","곧 노트 준비했어요."
"585","아까 알림 정리했어요."
"586","764번 버스 대기 중."
"587","준비물 69개 점검."
"588","11월 7일 메모 완료."
"589","조용히 파일 기록했어요."
"590","가볍게 노트 환기했어요."
"591","오늘 체크리스트 환기했어요."
"592","잠깐 노트 점검했어요."
"593","잠깐 할 일 확인했어요."
"594","2월 18일 일정 확인."
"595","천천히 식물 정리했어요."
"596","287번 버스 대기 중."
"597","6월 9일 메모 완료."
"598","수량 33개 확인 완료."
"599","잠깐 알림 마무리했어요."
"600","아까 물컵 기록했어요."
"601","현재 17시 8분 기록."
"602","지금 물컵 환기했어요."
"603","현재 6시 9분 기록."
"604","10월 27일 메모 완료."
"605","잠깐 책상 마무리했어요."
"606","현재 8시 48분 기록."
"607","곧 할 일 정리했어요."
"608","가볍게 할 일 환기했어요."
"609","방금 파일 시작했어요."
"610","561번 버스 대기 중."
"611","오늘 일정 준비했어요."
"612","천천히 할 일 확인했어요."
"613","방금 식물 완료했어요."
"614","곧 알림 기록했어요."
"615","곧 식물 정리했어요."
"616","아까 할 일 메모했어요."
"617","지금 노트 기록했어요."
"618","가볍게 물컵 확인했어요."
"619","948번 버스로 이동."
"620","조용히 식물 시작했어요."
"621","아까 파일 완료했어요."
"622","지금 파일 정리했어요."
"623","곧 노트 환기했어요."
"624","조용히 일정 완료했어요."
"625","방금 할 일 기록했어요."
"626","조용히 일정 기록했어요."
"627","현재 10시 6분 기록."
"628","898번 버스 대기 중."
"629","아까 파일 확인했어요."
"630","곧 책상 정리했어요."
"631","가볍게 노트 점검했어요."
"632","현재 21시 56분 기록."
"633","조용히 체크리스트 완료했어요."
"634","잠깐 창문 정리했어요."
"635","천천히 파일 준비했어요."
"636","오늘 물컵 환기했어요."
"637","628번 버스 대기 중."
"638","잠깐 식물 준비했어요."
"639","아까 체크리스트 준비했어요."
"640","금방 창문 준비했어요."
"641","잠깐 물컵 기록했어요."
"642","가볍게 식물 점검했어요."
"643","천천히 일정 준비했어요."
"644","지금 할 일 완료했어요."
"645","오늘 노트 준비했어요."
"646","아까 체크리스트 마무리했어요."
"647","오늘 파일 마무리했어요."
"648","7월 15일 메모 완료."
"649","가볍게 물컵 기록했어요."
"650","곧 알림 시작했어요."
"651","961번 버스 대기 중."
"652","방금 책상 시작했어요."
"653","천천히 노트 메모했어요."
"654","지금 할 일 정리했어요."
"655","10월 26일 일정 확인."
"656","오늘 식물 환기했어요."
"657","조용히 노트 기록했어요."
"658","수량 90개 확인 완료."
"659","조용히 파일 환기했어요."
"660","9시 49분 알림 설정."
"661","아까 일정 점검했어요."
"662","곧 노트 시작했어요."
"663","방금 알림 점검했어요."
"664","7월 17일 일정 확인."
"665","곧 파일 완료했어요."
"666","방금 식물 확인했어요."
"667","아까 일정 준비했어요."
"668","조용히 할 일 완료했어요."
"669","방금 체크리스트 메모했어요."
"670","방금 체크리스트 기록했어요."
"671","금방 책상 완료했어요."
"672","준비물 50개 점검."
"673","조용히 창문 시작했어요."
"674","19시 6분 알림 설정."
"675","3월 1일 메모 완료."
"676","곧 물컵 메모했어요."
"677","금방 파일 마무리했어요."
"678","7월 9일 메모 완료."
"679","565번 버스 대기 중."
"680","곧 알림 환기했어요."
"681","11월 10일 메모 완료."
"682","조용히 할 일 정리했어요."
"683","5월 15일 메모 완료."
"684","조용히 일정 메모했어요."
"685","조용히 물컵 확인했어요."
"686","오늘 알림 마무리했어요."
"687","559번 버스로 이동."
"688","방금 파일 준비했어요."
"689","방금 체크리스트 환기했어요."
"690","준비물 76개 점검."
"691","조용히 일정 준비했어요."
"692","3월 6일 메모 완료."
"693","아까 노트 점검했어요."
"694","아까 체크리스트 점검했어요."
"695","수량 36개 확인 완료."
"696","금방 책상 기록했어요."
"697","758번 버스로 이동."
"698","현재 9시 7분 기록."
"699","지금 책상 메모했어요."
"700","오늘 책상 점검했어요."
"701","조용히 체크리스트 마무리했어요."
"702","천천히 할 일 환기했어요."
"703","준비물 66개 점검."
"704","8월 2일 일정 확인."
"705","금방 체크리스트 준비했어요."
"706","천천히 알림 준비했어요."
"707","가볍게 일정 시작했어요."
"708","조용히 알림 시작했어요."
"709","지금 물컵 기록했어요."
"710","12시 56분 알림 설정."
"711","곧 식물 완료했어요."
"712","370번 버스 대기 중."
"713","오늘 책상 마무리했어요."
"714","조용히 할 일 기록했어요."
"715","잠깐 책상 확인했어요."
"716","천천히 파일 시작했어요."
"717","현재 6시 23분 기록."
"718","곧 체크리스트 마무리했어요."
"719","가볍게 물컵 점검했어요."
"720","천천히 체크리스트 환기했어요."
"721","1월 1일 메모 완료."
"722","잠깐 알림 확인했어요."
"723","금방 할 일 환기했어요."
"724","지금 노트 완료했어요."
"725","곧 파일 확인했어요."
"726","지금 알림 시작했어요."
"727","21번 버스로 이동."
"728","잠깐 책상 기록했어요."
"729","잠깐 알림 시작했어요."
"730","천천히 창문 확인했어요."
"731","천천히 책상 시작했어요."
"732","금방 할 일 점검했어요."
"733","잠깐 체크리스트 환기했어요."
"734","준비물 71개 점검."
"735","오늘 할 일 완료했어요."
"736","아까 노트 기록했어요."
"737","방금 식물 메모했어요."
"738","곧 파일 기록했어요."
"739","금방 할 일 마무리했어요."
"740","금방 식물 정리했어요."
"741","곧 식물 점검했어요."
"742","방금 식물 기록했어요."
"743","곧 물컵 확인했어요."
"744","2월 25일 일정 확인."
"745","준비물 56개 점검."
"746","가볍게 노트 완료했어요."
"747","천천히 파일 환기했어요."
"748","금방 파일 환기했어요."
"749","천천히 식물 기록했어요."
"750","곧 물컵 시작했어요."
"751","12월 23일 일정 확인."
"752","방금 노트 메모했어요."
"753","1월 25일 일정 확인."
"754","곧 창문 마무리했어요."
"755","잠깐 식물 마무리했어요."
"756","가볍게 체크리스트 환기했어요."
"757","아까 체크리스트 확인했어요."
"758","금방 알림 완료했어요."
"759","수량 48개 확인 완료."
"760","지금 식물 점검했어요."
"761","준비물 95개 점검."
"762","오늘 체크리스트 시작했어요."
"763","17시 7분 알림 설정."
"764","금방 일정 점검했어요."
"765","곧 파일 마무리했어요."
"766","방금 체크리스트 준비했어요."
"767","방금 물컵 마무리했어요."
"768","지금 할 일 점검했어요."
"769","지금 물컵 정리했어요."
"770","18시 12분 알림 설정."
"771","곧 일정 기록했어요."
"772","9월 26일 메모 완료."
"773","가볍게 파일 점검했어요."
"774","방금 일정 메모했어요."
"775","가볍게 창문 시작했어요."
"776","아까 할 일 시작했어요."
"777","준비물 93개 점검."
"778","수량 52개 확인 완료."
"779","아까 물컵 마무리했어요."
"780","잠깐 알림 정리했어요."
"781","수량 51개 확인 완료."
"782","천천히 물컵 마무리했어요."
"783","천천히 알림 마무리했어요."
"784","지금 식물 준비했어요."
"785","959번 버스로 이동."
"786","방금 식물 마무리했어요."
"787","조용히 식물 준비했어요."
"788","11시 31분 알림 설정."
"789","준비물 59개 점검."
"790","천천히 체크리스트 점검했어요."
"791","곧 식물 마무리했어요."
"792","방금 책상 환기했어요."
"793","아까 물컵 정리했어요."
"794","오늘 할 일 환기했어요."
"795","현재 8시 54분 기록."
"796","오늘 책상 메모했어요."
"797","아까 알림 점검했어요."
"798","926번 버스로 이동."
"799","9시 58분 알림 설정."
"800","금방 노트 기록했어요."
"801","곧 창문 정리했어요."
"802","조용히 창문 마무리했어요."
"803","9시 36분 알림 설정."
"804","오늘 일정 정리했어요."
"805","천천히 노트 완료했어요."
"806","오늘 노트 점검했어요."
"807","조용히 할 일 준비했어요."
"808","가볍게 체크리스트 준비했어요."
"809","지금 창문 환기했어요."
"810","지금 체크리스트 정리했어요."
"811","지금 체크리스트 확인했어요."
"812","현재 22시 58분 기록."
"813","오늘 알림 점검했어요."
"814","9월 4일 일정 확인."
"815","천천히 창문 시작했어요."
"816","금방 체크리스트 마무리했어요."
"817","곧 알림 완료했어요."
"818","수량 96개 확인 완료."
"819","천천히 할 일 준비했어요."
"820","수량 98개 확인 완료."
"821","방금 할 일 점검했어요."
"822","곧 식물 확인했어요."
"823","곧 할 일 완료했어요."
"824","방금 책상 마무리했어요."
"825","아까 책상 메모했어요."
"826","669번 버스로 이동."
"827","가볍게 할 일 정리했어요."
"828","2월 16일 일정 확인."
"829","금방 파일 시작했어요."
"830","오늘 책상 확인했어요."
"831","지금 노트 확인했어요."
"832","잠깐 식물 완료했어요."
"833","금방 식물 완료했어요."
"834","지금 알림 확인했어요."
"835","지금 창문 점검했어요."
"836","630번 버스로 이동."
"837","6시 57분 알림 설정."
"838","방금 일정 마무리했어요."
"839","잠깐 책상 준비했어요."
"840","11월 28일 메모 완료."
"841","천천히 노트 시작했어요."
"842","오늘 물컵 정리했어요."
"843","천천히 노트 준비했어요."
"844","천천히 물컵 확인했어요."
"845","잠깐 노트 확인했어요."
"846","지금 일정 확인했어요."
"847","가볍게 일정 점검했어요."
"848","곧 책상 완료했어요."
"849","아까 체크리스트 기록했어요."
"850","천천히 알림 환기했어요."
"851","잠깐 물컵 메모했어요."
"852","현재 7시 37분 기록."
"853","2월 20일 메모 완료."
"854","방금 체크리스트 마무리했어요."
"855","잠깐 책상 시작했어요."
"856","준비물 18개 점검."
"857","준비물 94개 점검."
"858","6시 55분 알림 설정."
"859","조용히 식물 정리했어요."
"860","수량 23개 확인 완료."
"861","잠깐 체크리스트 확인했어요."
"862","45번 버스로 이동."
"863","현재 7시 35분 기록."
"864","9월 2일 메모 완료."
"865","지금 창문 확인했어요."
"866","금방 창문 환기했어요."
"867","4월 7일 메모 완료."
"868","7월 19일 일정 확인."
"869","방금 노트 시작했어요."
"870","금방 노트 확인했어요."
"871","조용히 책상 환기했어요."
"872","아까 알림 완료했어요."
"873","곧 창문 완료했어요."
"874","수량 45개 확인 완료."
"875","준비물 2개 점검."
"876","금방 할 일 메모했어요."
"877","곧 책상 확인했어요."
"878","지금 식물 메모했어요."
"879","641번 버스 대기 중."
"880","아까 창문 확인했어요."
"881","준비물 17개 점검."
"882","천천히 창문 기록했어요."
"883","준비물 3개 점검."
"884","천천히 할 일 메모했어요."
"885","오늘 책상 기록했어요."
"886","현재 8시 23분 기록."
"887","지금 식물 마무리했어요."
"888","11월 9일 메모 완료."
"889","오늘 일정 기록했어요."
"890","지금 일정 메모했어요."
"891","지금 책상 정리했어요."
"892","가볍게 일정 정리했어요."
"893","601번 버스 대기 중."
"894","오늘 체크리스트 점검했어요."
"895","준비물 23개 점검."
"896","지금 식물 확인했어요."
"897","현재 17시 19분 기록."
"898","수량 20개 확인 완료."
"899","2월 21일 일정 확인."
"900","428번 버스로 이동."
"901","곧 체크리스트 기록했어요."
"902","지금 식물 완료했어요."
"903","지금 노트 마무리했어요."
"904","10월 4일 일정 확인."
"905","지금 알림 기록했어요."
"906","천천히 체크리스트 완료했어요."
"907","1월 7일 메모 완료."
"908","아까 창문 환기했어요."
"909","조용히 노트 메모했어요."
"910","방금 일정 정리했어요."
"911","아까 책상 준비했어요."
"912","547번 버스로 이동."
"913","수량 86개 확인 완료."
"914","현재 23시 32분 기록."
"915","972번 버스로 이동."
"916","지금 책상 마무리했어요."
"917","지금 물컵 마무리했어요."
"918","919번 버스로 이동."
"919","잠깐 알림 환기했어요."
"920","가볍게 일정 기록했어요."
"921","금방 체크리스트 완료했어요."
"922","지금 체크리스트 마무리했어요."
"923","잠깐 노트 완료했어요."
"924","61번 버스로 이동."
"925","준비물 62개 점검."
"926","아까 책상 확인했어요."
"927","60번 버스 대기 중."
"928","339번 버스로 이동."
"929","7월 3일 일정 확인."
"930","오늘 물컵 준비했어요."
"931","지금 알림 준비했어요."
"932","준비물 20개 점검."
"933","조용히 창문 정리했어요."
"934","천천히 알림 점검했어요."
"935","방금 체크리스트 점검했어요."
"936","아까 파일 환기했어요."
"937","10시 47분 알림 설정."
"938","가볍게 체크리스트 정리했어요."
"939","오늘 알림 정리했어요."
"940","지금 일정 시작했어요."
"941","잠깐 체크리스트 준비했어요."
"942","오늘 파일 준비했어요."
"943","잠깐 노트 시작했어요."
"944","17시 51분 알림 설정."
"945","현재 6시 56분 기록."
"946","방금 일정 환기했어요."
"947","지금 알림 정리했어요."
"948","조용히 물컵 마무리했어요."
"949","7월 14일 메모 완료."
"950","7시 28분 알림 설정."
"951","금방 책상 마무리했어요."
"952","지금 일정 정리했어요."
"953","오늘 할 일 확인했어요."
"954","가볍게 일정 준비했어요."
"955","아까 식물 완료했어요."
"956","아까 체크리스트 정리했어요."
"957","수량 80개 확인 완료."
"958","지금 일정 마무리했어요."
"959","조용히 물컵 환기했어요."
"960","현재 14시 39분 기록."
"961","곧 식물 준비했어요."
"962","9월 11일 일정 확인."
"963","곧 식물 환기했어요."
"964","12월 13일 메모 완료."
"965","오늘 할 일 준비했어요."
"966","198번 버스 대기 중."
"967","조용히 물컵 정리했어요."
"968","잠깐 책상 환기했어요."
"969","잠깐 노트 마무리했어요."
"970","조용히 물컵 준비했어요."
"971","금방 식물 준비했어요."
"972","가볍게 일정 메모했어요."
"973","준비물 44개 점검."
"974","금방 체크리스트 메모했어요."
"975","9월 25일 메모 완료."
"976","가볍게 알림 준비했어요."
"977","곧 파일 정리했어요."
"978","방금 파일 환기했어요."
"979","232번 버스로 이동."
"980","방금 물컵 확인했어요."
"981","조용히 노트 시작했어요."
"982","지금 노트 메모했어요."
"983","오늘 식물 시작했어요."
"984","수량 62개 확인 완료."
"985","지금 파일 준비했어요."
"986","준비물 4개 점검."
"987","곧 할 일 기록했어요."
"988","조용히 일정 정리했어요."
"989","방금 물컵 정리했어요."
"990","잠깐 알림 기록했어요."
"991","지금 노트 시작했어요."
"992","아까 식물 시작했어요."
"993","곧 일정 정리했어요."
"994","16시 6분 알림 설정."
"995","천천히 체크리스트 메모했어요."
"996","잠깐 할 일 완료했어요."
"997","금방 물컵 완료했어요."
"998","아까 책상 정리했어요."
"999","천천히 일정 메모했어요."
"1000","수량 73개 확인 완료."
